,승민,서연,집,은채,웃는,낮,납뜩,앞,재욱,밤,하는,과거,어머니,말,아버지,그냥,앉아,보는,잠시,못,애,생각,보면,거실,마당,손,옆,지금,엄마,모델,고개,무슨,소리,아빠,눈,얘기,표정,돈,난,얼굴,살,화면,오늘,보고,돼,막,층,동네,도면,된
승민,0.0,2.3776915468310127e-05,6.731728070498247e-06,3.138154095918726e-05,3.212390403947385e-05,2.198401966954208e-06,5.249417314678071e-06,3.179719663195614e-06,8.747294170336644e-06,6.00295585546323e-06,3.44337597763183e-05,4.435224434183635e-06,8.886571797575743e-06,5.5086099573633594e-05,4.057572078710406e-06,6.695711173802807e-06,2.26706236476973e-06,0.00012274456855284154,7.551653308631036e-05,7.97800198918183e-06,1.728967115045472e-05,0.001122754491017964,4.350013702543163e-06,1.3562450132566168e-06,1.4121045412999628e-06,1.0507902993841669e-05,3.1681856708876053e-06,0.0002794805388384789,2.5866930164461943e-05,1.6601742784550552e-06,3.9159071982206116e-06,7.51842766620988e-06,1.4305837830929795e-05,1.3470263047296788e-05,5.674147336422844e-06,7.81104356583512e-06,8.76238343839431e-06,5.226240465595311e-06,2.6126213998077112e-05,2.1362929250678167e-06,2.596292148639456e-05,2.637479034239577e-06,8.9880638512056e-06,9.176871347605204e-06,1.871883314281721e-05,3.1399849238857187e-06,1.3428126356520515e-06,1.301890084023986e-05,1.4414480210239997e-06,3.4313784922568655e-06
서연,0.0,0.0,2.9656459572314312e-05,6.90928704909417e-06,6.983292240538104e-06,4.2507247485696316e-06,2.5316430059311332e-06,7.49039731064775e-06,3.497796621315013e-06,2.3338421109135127e-05,0.0008191797280323303,1.3138946992232255e-05,3.5314076332082276e-06,8.768350696616236e-06,1.1238236376073345e-05,2.9632193363099862e-06,4.448427599468324e-06,7.522492251832982e-05,9.860364097231078e-06,3.3064168955258226e-06,5.150423261783653e-06,1.8169484955666457e-05,1.2693587791815006e-05,2.145838018413007e-06,2.2678534494958107e-06,9.086393428720273e-05,7.446848121532561e-06,4.7130091620898115e-05,6.31099577415723e-06,2.839225989139014e-06,1.0572411503629508e-05,3.18712368037144e-06,0.00027739251040221914,0.000214715144574864,2.0849028018313787e-05,3.2635300516725594e-06,5.498997349483278e-05,2.5242717139535684e-06,6.341258638379581e-06,4.075413627313748e-06,0.012626262626262626,5.587688905792683e-06,3.555710637216533e-06,6.203371325536385e-05,5.369173641223227e-06,7.340947363939211e-06,2.1168572967224277e-06,0.00018763603612619148,2.33291942158529e-06,8.475768625077765e-06
집,0.0,0.0,0.0,3.2447558256346094e-06,3.2675630971880004e-06,1.0565009674027192e-05,1.6008276492390253e-06,2.9360010491310413e-05,2.0284014060337637e-06,0.0017998560115190785,2.0993261163166624e-05,0.00011484132756574666,2.0424077372940794e-06,3.7844889943275553e-06,7.418507692992479e-05,1.7981519313710142e-06,1.1383842684401176e-05,1.1298090321453266e-05,4.0735188685393985e-06,1.9476249881844086e-06,2.6631238833743486e-06,5.8293379698592135e-06,0.00010372439736125134,3.7835181876241624e-06,4.0898769546885265e-06,0.00015997611023420503,2.9015672331815488e-05,9.333878431833751e-06,3.0557808345093e-06,5.657394950661859e-06,6.347379378633875e-05,1.8963634828156597e-06,6.5148843390867e-05,7.469040825777153e-05,0.0007846008996756983,1.9292783161464647e-06,0.0004156621498046388,1.5973579273918824e-06,3.065543778417591e-06,9.867752382568811e-06,2.6996771186166135e-05,1.683632065782872e-05,2.0525030274419656e-06,0.00030820440115884856,2.740034813055645e-06,2.8190984523149494e-05,3.7121803070319586e-06,8.122245205167913e-05,4.257247893584696e-06,3.802503061014964e-05
은채,0.0,0.0,0.0,0.0,0.2272727272727273,1.455254983957269e-06,1.450141243757142e-05,1.916879994111345e-06,3.819437371412275e-05,3.00400614259176e-06,8.3268800013323e-06,2.4359582515731016e-06,3.9508826271789117e-05,0.0005162444933920706,2.2867966156629714e-06,2.240882967646132e-05,1.489568699355285e-06,1.3943682396379848e-05,0.0002462164735235219,3.15357931251971e-05,0.00025527569775357384,4.5137352965072716e-05,2.4027749166957937e-06,1.0026043986059655e-06,1.034713571106603e-06,4.323020719373704e-06,1.9117768512882314e-06,1.7690285556589454e-05,0.003001200480192077,1.1734064787995958e-06,2.2293969169224155e-06,2.8003046731484384e-05,5.207859562775887e-06,5.0263178000008045e-06,2.890935414190099e-06,3.0216227322721394e-05,3.85517693720071e-06,1.43921476442453e-05,0.0033542039355992843,1.4239180643371747e-06,7.233266080032714e-06,1.6691070866837412e-06,4.048910842983238e-05,3.970503920475571e-06,0.00035445909542038844,1.8992712622784722e-06,9.94832310402537e-07,4.925430622190248e-06,1.0514463222457968e-06,2.0265565372795886e-06
웃는,0.0,0.0,0.0,0.0,0.0,1.4613837384719354e-06,1.4276903396760856e-05,1.9266325481449415e-06,3.723229976469187e-05,3.024187451234977e-06,8.425442139118655e-06,2.4503834114923963e-06,3.849677781969649e-05,0.0005689576695493855,2.299818789611504e-06,2.1976411984470005e-05,1.4959479258532413e-06,1.4160267798984614e-05,0.0002631763632535616,3.0813728954223126e-05,0.0002390590635259618,4.642539902630463e-05,2.4168837699648696e-06,1.0057366885469153e-06,1.0380383980783832e-06,4.358817888588615e-06,1.921486523462119e-06,1.8001368103975902e-05,0.002416237113402062,1.177599236287642e-06,2.2418917501073864e-06,2.7398761575976766e-05,5.2556819177212484e-06,5.0715802841302134e-06,2.9099210654811778e-06,2.9538955975140016e-05,3.885099477972133e-06,1.4170180084095295e-05,0.0026690391459074734,1.4298205470359963e-06,7.312674864337694e-06,1.6768481157928463e-06,3.943933047792581e-05,4.001841914438486e-06,0.00032815576460293154,1.908876108468449e-06,9.97918441921995e-07,4.969291435359954e-06,1.0548727949993966e-06,2.0372465716196074e-06
낮,0.0,0.0,0.0,0.0,0.0,0.0,9.341367573721761e-07,6.431033595719505e-05,1.0878544943847218e-06,1.2350273517390832e-05,3.7275878778842216e-06,2.148569267724622e-05,1.0926286898070855e-06,1.5943824167680561e-06,2.6816313614999976e-05,1.0070852475506176e-06,0.0075528700906344415,2.8470777593877646e-06,1.6642629162612799e-06,1.0600184008594206e-06,1.2903720310313828e-06,2.035301075982267e-06,2.248181221391894e-05,2.1794849441180062e-05,2.6695236501998582e-05,6.760618226987307e-06,6.54564496421714e-05,2.597136362817872e-06,1.4035469221409013e-06,7.407773223369055e-05,2.962120404270193e-05,1.0420784323805726e-06,5.4630260575416894e-06,5.669787065476969e-06,1.3453928367697656e-05,1.0536226126799337e-06,7.913070176271551e-06,9.328205929474099e-07,1.4062599756567023e-06,0.008375209380234507,4.106999943323401e-06,0.0002363693665300977,1.096060315322304e-06,7.581711900002275e-06,1.3131929226605535e-06,6.84219169084241e-05,2.077711968174993e-05,5.7953477266589475e-06,2.978288278450099e-05,4.6187669739686294e-05
납뜩,0.0,0.0,0.0,0.0,0.0,0.0,0.0,1.1293181030482443e-06,9.656300092056728e-05,1.5231171099360544e-06,2.8093886021231485e-06,1.3271316177915796e-06,9.159522239319997e-05,1.0692564533191146e-05,1.2723196138119793e-06,0.00036978601715807123,9.493819902995945e-07,3.6699878425536074e-06,9.461585332776572e-06,0.0001370338564981455,2.4812705428523693e-05,6.012361415069383e-06,1.3150688966786751e-06,7.198123132581918e-07,7.358938169980727e-07,1.9176070718280636e-06,1.1272686704719e-06,4.108994644062448e-06,1.6712812599232323e-05,8.037449800767694e-07,1.2508122462023777e-06,0.0001803708424520815,2.1470196004282017e-06,2.101843569031269e-06,1.4855850709396584e-06,0.0001503442884204829,1.7858687421001354e-06,1.0,1.658061328372414e-05,9.201004970566904e-07,2.5981035229937357e-06,1.0271293096740944e-06,8.827943383456434e-05,1.8190951141773237e-06,2.2644483124576358e-05,1.1222369474257242e-06,7.158982238994605e-07,2.0763378052112756e-06,7.442177813424156e-07,1.1728385601795976e-06
앞,0.0,0.0,0.0,0.0,0.0,0.0,0.0,0.0,1.3529455112018929e-06,3.851130691971163e-05,6.2762530434597055e-06,0.00011920182458259494,1.3600086641618631e-06,2.1410280931432863e-06,0.0002113777602412525,1.234524261055957e-06,7.80023088683425e-05,4.41169723286585e-06,2.2557703734036854e-06,1.3119040511859482e-06,1.6587232254426026e-06,2.8888575608335624e-06,0.00013297990230409844,8.812099600224415e-06,9.981467741559838e-06,1.4484440813677946e-05,0.8333333333333333,3.9228095685171e-06,1.8350410633255541e-06,1.7346174127834364e-05,0.00028394570958032827,1.2855809158769844e-06,1.0619521654266605e-05,1.1198668105073369e-05,4.499883003041921e-05,1.3025081183160168e-06,1.8399760557782607e-05,1.1274352248533324e-06,1.839315215587976e-06,5.439926887382633e-05,7.148817895302226e-06,0.00027999178690758407,1.365089936220268e-06,1.7225203458361516e-05,1.6939651981625898e-06,0.06880733944954129,8.551111131380413e-06,1.1557023896843546e-05,1.0654627411230972e-05,0.001968762304764405
재욱,0.0,0.0,0.0,0.0,0.0,0.0,0.0,0.0,0.0,1.9137640076361736e-06,3.969529888575296e-06,1.6304018201371146e-06,0.13513513513513514,2.3681418611700516e-05,1.55265037418874e-06,0.00040287924366136656,1.1082448615303458e-06,5.525354377811945e-06,1.9750173472357e-05,0.0037313432835820895,0.00010111905082917621,1.0474948114090342e-05,1.6132340255146944e-06,8.068352283517165e-07,8.275647701153341e-07,2.5087782149741946e-06,1.3501167851019112e-06,6.373302152306626e-06,4.846056925015346e-05,9.156473883416844e-07,1.5223231951006362e-06,0.0013366601318837996,2.869489862092317e-06,2.7976196360073046e-06,1.8588579102645018e-06,0.002439817826935589,2.3064808729691822e-06,9.467724527087161e-05,4.7804803426648315e-05,1.069128646610716e-06,3.6093099985827442e-06,1.213065295503919e-06,0.04559270516717325,2.3571670686160335e-06,8.431703204047218e-05,1.3431758874497406e-06,8.017980803029642e-07,2.7572236963157057e-06,8.383162853333548e-07,1.4132376653087651e-06
밤,0.0,0.0,0.0,0.0,0.0,0.0,0.0,0.0,0.0,0.0,1.7140016797216462e-05,0.00020536973397773791,1.9264887841107314e-06,3.4793121260754266e-06,0.00011664800298618889,1.7039428783820995e-06,1.3393490941982077e-05,9.73099633725298e-06,3.731955992774933e-06,1.8402936716103906e-06,2.486233311780453e-06,5.241786121148161e-06,0.00017941510675198853,4.132683381626035e-06,4.4854219301847066e-06,9.501428381400003e-05,3.7993728501881955e-05,8.150459658756555e-06,2.8364422315992903e-06,6.320699659314289e-06,9.608917075045643e-05,1.793591354602696e-06,4.604729978634053e-05,5.161325841382135e-05,0.006793478260869565,1.8235858213527798e-06,0.00018972931950417404,1.5199286971049614e-06,2.8451147956401465e-06,1.146989801731343e-05,2.1470961240620768e-05,2.0581213468346093e-05,1.9356574557331272e-06,0.00015428924089693478,2.5550546134406773e-06,3.67595703541417e-05,4.050841845952426e-06,5.531972959716173e-05,4.678988627250243e-06,5.196838936103133e-05
하는,0.0,0.0,0.0,0.0,0.0,0.0,0.0,0.0,0.0,0.0,0.0,1.0396199149590909e-05,4.0105375537378616e-06,1.0850639500523362e-05,9.047694014226594e-06,3.3230613813744627e-06,3.88821637146464e-06,0.00015457861868546345,1.2377861452121195e-05,3.736836991696748e-06,6.0331097060668954e-06,2.4992418966246906e-05,1.008328795853752e-05,1.9640104254910747e-06,2.0693191567496846e-06,5.121691387363763e-05,6.243039011502175e-06,8.138020833333334e-05,7.535991897301512e-06,2.5568895132244883e-06,8.566856317828086e-06,3.5924942735641284e-06,0.00011095331084679567,9.402561257686594e-05,1.5560165975103734e-05,3.684881691960104e-06,3.476068427565686e-05,2.8006811256497583e-06,7.575738445104937e-06,3.5845103272132202e-06,0.0014750712951125972,4.7999308809953135e-06,4.040214680847281e-06,3.822493590952413e-05,6.3131339701742295e-06,6.16217615196748e-06,1.938932418639811e-06,8.592394012819853e-05,2.125297630222299e-06,7.021025631424239e-06
과거,0.0,0.0,0.0,0.0,0.0,0.0,0.0,0.0,0.0,0.0,0.0,0.0,1.6401347534713452e-06,2.771600701030204e-06,0.0019161982626469088,1.468618414849651e-06,2.39486158498326e-05,6.629667230483033e-06,2.946705298627955e-06,1.5740328237262154e-06,2.060141575675936e-06,3.951804841962055e-06,0.04189944134078213,5.523980889972244e-06,6.083262835076256e-06,3.376538013064951e-05,0.00011639365887346459,5.730648078991253e-06,2.315559152733819e-06,9.179572635816367e-06,0.0009592632857965083,1.5380456351469678e-06,2.130591025950599e-05,2.29990095093238e-05,0.0003008121929208864,1.5611722717694935e-06,4.944147612471118e-05,1.3246188718274054e-06,2.3218182499248503e-06,1.948492256691772e-05,1.2343880767986886e-05,4.375946298387026e-05,1.6471422658187837e-06,4.438697153611472e-05,2.1107555660624277e-06,0.00010987079194866836,5.39590860625839e-06,2.407631227940079e-05,6.395159461169444e-06,0.00020950598488763496
어머니,0.0,0.0,0.0,0.0,0.0,0.0,0.0,0.0,0.0,0.0,0.0,0.0,0.0,2.4317370870707782e-05,1.5616082566184601e-06,0.00036213514883754616,1.1131855116976132e-06,5.593992499574857e-06,2.023273035300719e-05,0.0027412280701754384,0.00010689547048259742,1.065847337975217e-05,1.6227940684063956e-06,8.09486927757501e-07,8.303619752672811e-07,2.5285720209797308e-06,1.357154102133989e-06,6.458891309777039e-06,5.034773502322709e-05,9.190825338259901e-07,1.5309844459635214e-06,0.0011052166224580018,2.8940416120737875e-06,2.821197045191063e-06,1.8709829995000732e-06,0.00189465706707086,2.3237580558882403e-06,8.985264166766503e-05,4.9653090408347015e-05,1.07375140249829e-06,3.6446247858782938e-06,1.2188872924173996e-06,0.2631578947368421,2.3750641069386865e-06,8.86975649561834e-05,1.3501500826831911e-06,8.044147137533143e-07,2.78025838609337e-06,8.411896474117141e-07,1.420858063762616e-06
말,0.0,0.0,0.0,0.0,0.0,0.0,0.0,0.0,0.0,0.0,0.0,0.0,0.0,0.0,2.588765757601436e-06,1.5411708377599186e-05,1.6345273192171922e-06,1.9861867333319208e-05,0.0025693730729701952,2.0346349118935263e-05,8.810624438322693e-05,9.072763563781528e-05,2.7308153395359254e-06,1.0727313270015485e-06,1.1092301443644545e-06,5.187100441975538e-06,2.134909788675243e-06,2.651544613121964e-05,0.00025801568735379113,1.2677910705671527e-06,2.5187529553368007e-06,1.849130662038087e-05,6.379254324709149e-06,6.131759242605099e-06,3.337037444897169e-06,1.9660888986756423e-05,4.571528883833794e-06,1.0623710989733245e-05,0.00026638252530633994,1.5577912514027911e-06,9.237067489709906e-06,1.8458798607862022e-06,2.478716091163873e-05,4.722294455837417e-06,0.0001061150570191573,2.1199238071118074e-06,1.0639087126605279e-06,5.994861204975095e-06,1.1282820172494012e-06,2.2729122051294173e-06
아버지,0.0,0.0,0.0,0.0,0.0,0.0,0.0,0.0,0.0,0.0,0.0,0.0,0.0,0.0,0.0,1.4034015553338076e-06,3.0292565598550804e-05,5.93749010418316e-06,2.7454792481120713e-06,1.5007236489435207e-06,1.946051558689996e-06,3.635134300036715e-06,0.0030998140111593306,6.141246206245157e-06,6.802573005213492e-06,2.6362177656472703e-05,0.00020477815699658703,5.174281887288273e-06,2.1779472962889665e-06,1.0559320148731544e-05,0.011210762331838566,1.467530879295585e-06,1.747416735592549e-05,1.8721753554324912e-05,0.00015440517977909765,1.488865519214554e-06,3.675740845567424e-05,1.269986787480792e-06,2.1836133502044154e-06,2.404401015618989e-05,1.0608953957139825e-05,6.063104794703272e-05,1.5680564734493542e-06,3.3487076221050426e-05,1.99211335603103e-06,0.00018975332068311198,5.990609121141698e-06,1.9508439350863186e-05,7.173793272321019e-06,0.0004672606068157747
그냥,0.0,0.0,0.0,0.0,0.0,0.0,0.0,0.0,0.0,0.0,0.0,0.0,0.0,0.0,0.0,0.0,1.0247199337948946e-06,4.470661729466549e-06,1.3305716579366383e-05,0.0008933889219773674,4.498236691217043e-05,7.82214731502186e-06,1.4542431129954654e-06,7.61511077600111e-07,7.79789519212974e-07,2.187248922050823e-06,1.2321175591291165e-06,5.074153681907395e-06,2.6801747473935303e-05,8.571666618855815e-07,1.377884377037116e-06,0.0019794140934283454,2.4739076955351904e-06,2.41714510025351e-06,1.6586234486894884e-06,0.0011426830197303268,2.0244663506699632e-06,0.0003558381173791336,2.6532283598272927e-05,9.90868715411044e-07,3.048837498587372e-06,1.1149979941186086e-06,0.00033670789467777056,2.06539423694423e-06,3.978948708698512e-05,1.2262103442041922e-06,7.57065675018304e-07,2.385164657456963e-06,7.892595871625139e-07,1.2857227347493996e-06
앉아,0.0,0.0,0.0,0.0,0.0,0.0,0.0,0.0,0.0,0.0,0.0,0.0,0.0,0.0,0.0,0.0,0.0,2.951556109573569e-06,1.7074459784012637e-06,1.0794461383453074e-06,1.3181639031360438e-06,2.095774373960758e-06,2.5124365609768353e-05,1.9650792319946343e-05,2.3806651895961758e-05,7.169681995924753e-06,7.953593433513261e-05,2.6872199580901176e-06,1.4357690069733386e-06,6.136374793408716e-05,3.3680012933124965e-05,1.0608929196218722e-06,5.756263678321565e-06,5.980575092100857e-06,1.4645219556249849e-05,1.0728310297922673e-06,8.435743256466842e-06,9.4802358019051e-07,1.4385905955304717e-06,0.001987018148099086,4.2942549453355666e-06,0.0003487966515521451,1.1167370046571098e-06,8.070729723098644e-06,1.3418614892998623e-06,8.352404657300837e-05,1.877889602626041e-05,6.116968675003416e-06,2.639190929628613e-05,5.431673172604089e-05
보는,0.0,0.0,0.0,0.0,0.0,0.0,0.0,0.0,0.0,0.0,0.0,0.0,0.0,0.0,0.0,0.0,0.0,0.0,2.382835956041442e-05,5.1397744529909375e-06,9.230598819714097e-06,6.940717022339855e-05,6.471620649129438e-06,1.630206110762398e-06,1.707084160273352e-06,2.073492881698937e-05,4.39243154761469e-06,0.0010763490241102183,1.2247877442839157e-05,2.0552500540530767e-06,5.68337034470399e-06,4.903943195337462e-06,3.2627846779631526e-05,2.978932985923549e-05,9.050101361135246e-06,5.054589567327133e-06,1.609272844700879e-05,3.656706448382419e-06,1.2331307710520085e-05,2.7532342242432185e-06,8.83017801638881e-05,3.5283258705320813e-06,5.6437952491284094e-06,1.715054058503924e-05,9.77248355291018e-06,4.345414067264114e-06,1.6118043392029338e-06,2.83096853095381e-05,1.7476953578240214e-06,4.837124348923063e-06
잠시,0.0,0.0,0.0,0.0,0.0,0.0,0.0,0.0,0.0,0.0,0.0,0.0,0.0,0.0,0.0,0.0,0.0,0.0,0.0,1.7190617590127544e-05,6.278304690312158e-05,0.00013744948731341232,2.9017563944554787e-06,1.1072091420634954e-06,1.1459255604464083e-06,5.664186256569512e-06,2.2491099147512373e-06,3.2794626928324065e-05,0.00014885973443423377,1.314588585479896e-06,2.6686127376799935e-06,1.5744692464170328e-05,7.0408189129538866e-06,6.753270608955917e-06,3.5733113662031927e-06,1.6658263498190913e-05,4.962020693611101e-06,9.404424091877462e-06,0.00015250411761117552,1.6249398366025498e-06,1.0422377260874187e-05,1.935480124877178e-06,2.0588162630014246e-05,5.133426305387531e-06,7.335788377176895e-05,2.2327990741326507e-06,1.0978566873250358e-06,6.594606666883556e-06,1.166151337911825e-06,2.3995515718022614e-06
못,0.0,0.0,0.0,0.0,0.0,0.0,0.0,0.0,0.0,0.0,0.0,0.0,0.0,0.0,0.0,0.0,0.0,0.0,0.0,0.0,7.46075642122436e-05,9.468943758261654e-06,1.5578554810704462e-06,7.9131386377669e-07,8.111964141224753e-07,2.395147240079819e-06,1.3092239452870078e-06,5.8948291737453735e-06,3.909365275453877e-05,8.95570962759383e-07,1.4720987962795352e-06,0.008296460176991151,2.7289870273053347e-06,2.6626128681594813e-06,1.7888093517998882e-06,0.06666666666666667,2.2071121688246587e-06,0.00013385208452312966,3.861858738356496e-05,1.0421685359522612e-06,3.408395286598326e-06,1.1791759878890766e-06,0.0022569966897381887,2.2542814440325788e-06,6.377117202911366e-05,1.302646909044677e-06,7.86481061680223e-07,2.625275982137622e-06,8.215048276141947e-07,1.3689914849642297e-06
애,0.0,0.0,0.0,0.0,0.0,0.0,0.0,0.0,0.0,0.0,0.0,0.0,0.0,0.0,0.0,0.0,0.0,0.0,0.0,0.0,0.0,2.2462992220317027e-05,2.0348441282266524e-06,9.167535239699876e-07,9.437127856693313e-07,3.4318927162881745e-06,1.6547132023499134e-06,1.1160066603277489e-05,0.0005084745762711864,1.0593307868433658e-06,1.9018857704583632e-06,6.227528999526708e-05,4.037761142201872e-06,3.91511406293311e-06,2.4024239496682573e-06,6.98675311609189e-05,3.102782782451488e-06,2.45669662744687e-05,0.00048657065005838855,1.2649294884030631e-06,5.355434855954869e-06,1.4624668842654895e-06,0.00011132716828214758,3.184514597178011e-06,0.01111934766493699,1.644880949548102e-06,9.102168749475488e-07,3.8465976843481934e-06,9.57732763060937e-07,1.7445939975033698e-06
생각,0.0,0.0,0.0,0.0,0.0,0.0,0.0,0.0,0.0,0.0,0.0,0.0,0.0,0.0,0.0,0.0,0.0,0.0,0.0,0.0,0.0,0.0,3.880569522731342e-06,1.282727180604139e-06,1.3333246222791344e-06,8.77232996592827e-06,2.8789499433134756e-06,0.00012449269227896324,3.5858059457443656e-05,1.5567873202786338e-06,3.515693940560866e-06,8.874332354395871e-06,1.159211519780399e-05,1.0982180314222142e-05,4.974299452827061e-06,9.252371382785409e-06,7.43147805657931e-06,5.983793493701659e-06,3.6282890440184026e-05,1.9804924137898254e-06,1.9612868133534865e-05,2.4199863770900215e-06,1.0792492742048631e-05,7.752723273261788e-06,2.4604482936791083e-05,2.8547160766000257e-06,1.2705442236422108e-06,1.065036828973546e-05,1.3598616349852148e-06,3.104334188611895e-06
보면,0.0,0.0,0.0,0.0,0.0,0.0,0.0,0.0,0.0,0.0,0.0,0.0,0.0,0.0,0.0,0.0,0.0,0.0,0.0,0.0,0.0,0.0,0.0,5.647639267960529e-06,6.2268723582494024e-06,3.1939765860223066e-05,0.00012967365463583316,5.604191636453847e-06,2.28497647769048e-06,9.450455984501252e-06,0.0013315579227696406,1.5224908437400658e-06,2.0386639411994954e-05,2.196852642447587e-05,0.00025570215812621455,1.5452182628522371e-06,4.622781065088757e-05,1.3125961230548364e-06,2.291102259989091e-06,2.0342789566047613e-05,1.1938454877415945e-05,4.671441918405481e-05,1.6296768942834575e-06,4.164746255893116e-05,2.0844363475672543e-06,0.00012201966957073482,5.5151438496586495e-06,2.2972979181886266e-05,6.550327035994484e-06,0.00024254968225991623
거실,0.0,0.0,0.0,0.0,0.0,0.0,0.0,0.0,0.0,0.0,0.0,0.0,0.0,0.0,0.0,0.0,0.0,0.0,0.0,0.0,0.0,0.0,0.0,0.0,0.0023002606962122373,2.895937945069463e-06,8.868455966342436e-06,1.5278683959352794e-06,9.760126985758837e-07,0.00010293219513199339,6.427993827411794e-06,7.812555949293908e-07,2.5301001801600002e-06,2.591223147154526e-06,4.3324452783278385e-06,7.877329395228802e-07,3.190042982639148e-06,7.190532427287898e-07,9.774152884758145e-07,2.417526097194219e-05,2.0969609583614853e-06,1.2904691113313512e-05,8.113911089601434e-07,3.1080874715273287e-06,9.288227060741786e-07,9.010010121244703e-06,0.036585365853658534,2.6277843345863194e-06,0.0010248701831101392,7.768273439081977e-06
마당,0.0,0.0,0.0,0.0,0.0,0.0,0.0,0.0,0.0,0.0,0.0,0.0,0.0,0.0,0.0,0.0,0.0,0.0,0.0,0.0,0.0,0.0,0.0,0.0,0.0,3.0952086170607897e-06,1.0049645247522762e-05,1.5966411778869029e-06,1.0065001119228124e-06,0.0001654204989082247,7.1387812387118025e-06,8.005935280179314e-07,2.6900748611966205e-06,2.757554688743772e-06,4.712738185715188e-06,8.074212346455732e-07,3.4230116752082216e-06,7.350952275437045e-07,1.007987697711747e-06,2.9956562983673673e-05,2.2144039001853017e-06,1.5039523868727013e-05,8.323707659067926e-07,3.3314825097168243e-06,9.564909179433775e-07,1.0221068074357589e-05,0.0014694357366771158,2.797958311167286e-06,0.00926497838171711,8.726759911126677e-06
손,0.0,0.0,0.0,0.0,0.0,0.0,0.0,0.0,0.0,0.0,0.0,0.0,0.0,0.0,0.0,0.0,0.0,0.0,0.0,0.0,0.0,0.0,0.0,0.0,0.0,0.0,1.4365738288810718e-05,1.6036777676805474e-05,4.028869265609653e-06,4.069447564354244e-06,2.3999692803932107e-05,2.3234999716533003e-06,0.0004953928465272962,0.0007415830325802145,7.60225026607876e-05,2.369463117568969e-06,0.0011081560283687944,1.9129156622265345e-06,4.043959456880069e-06,6.404497836133665e-06,7.723518629126933e-05,9.682097994450221e-06,2.5428551618518836e-06,0.0020427618139724907,3.547295979045413e-06,1.407890192073766e-05,2.849067785020741e-06,0.0009790483649892306,3.2027453078713656e-06,1.7283515328749746e-05
옆,0.0,0.0,0.0,0.0,0.0,0.0,0.0,0.0,0.0,0.0,0.0,0.0,0.0,0.0,0.0,0.0,0.0,0.0,0.0,0.0,0.0,0.0,0.0,0.0,0.0,0.0,0.0,3.9067658151740346e-06,1.8302939269017213e-06,1.7504183499856468e-05,0.0002737126382248823,1.2829948315408543e-06,1.05453788743722e-05,1.1118292704621059e-05,4.434511139491982e-05,1.2998616080674612e-06,1.822939136923389e-05,1.1253920021691557e-06,1.834549558154854e-06,5.528934758569849e-05,7.108266961865096e-06,0.0002905850445563735,1.3622168098825742e-06,1.7070983425213162e-05,1.6898109749279929e-06,0.13513513513513514,8.604943597463033e-06,1.14727140617232e-05,1.072994376794136e-05,0.0017899761336515514
지금,0.0,0.0,0.0,0.0,0.0,0.0,0.0,0.0,0.0,0.0,0.0,0.0,0.0,0.0,0.0,0.0,0.0,0.0,0.0,0.0,0.0,0.0,0.0,0.0,0.0,0.0,0.0,0.0,1.5287403179779863e-05,1.9058824426297619e-06,4.968326915911067e-06,5.604164417217338e-06,2.3725242709232914e-05,2.1952322482544245e-05,7.628540914407772e-06,5.789663828959435e-06,1.2820808685328636e-05,4.093146925964796e-06,1.5404269652767224e-05,2.516010211646779e-06,5.3435549602439506e-05,3.180290004284911e-06,6.521070011946601e-06,1.3566287594443972e-05,1.188685614843672e-05,3.867587221182414e-06,1.5113792499417743e-06,2.1013818687168683e-05,1.6328969960410413e-06,4.275466603047724e-06
엄마,0.0,0.0,0.0,0.0,0.0,0.0,0.0,0.0,0.0,0.0,0.0,0.0,0.0,0.0,0.0,0.0,0.0,0.0,0.0,0.0,0.0,0.0,0.0,0.0,0.0,0.0,0.0,0.0,0.0,1.1378985926015047e-06,2.1248941979763924e-06,3.425838588189079e-05,4.817241872108651e-06,4.65618136012645e-06,2.733144017557717e-06,3.727634194831014e-05,3.608439128759212e-06,1.6577406542107718e-05,0.9375,1.3740981221483456e-06,6.592432941772116e-06,1.6039655160245778e-06,5.1763049464770075e-05,3.7123227087482374e-06,0.0008225037012666557,1.8186575349042815e-06,9.68629231105668e-07,4.566526991827743e-06,1.0223776660372e-06,1.9369612100274154e-06
모델,0.0,0.0,0.0,0.0,0.0,0.0,0.0,0.0,0.0,0.0,0.0,0.0,0.0,0.0,0.0,0.0,0.0,0.0,0.0,0.0,0.0,0.0,0.0,0.0,0.0,0.0,0.0,0.0,0.0,0.0,1.1223873628162047e-05,8.825885663652029e-07,3.45643543344046e-06,3.5571457841656736e-06,6.709944316408766e-06,8.9094651336249e-07,4.579930317886858e-06,8.027757845895682e-07,1.1397675694790912e-06,9.020223340729916e-05,2.7627107718092994e-06,3.0549711508890984e-05,9.215502121070686e-07,4.436108503665113e-06,1.0752695880068732e-06,1.7903799305571303e-05,9.282637754344275e-05,3.6177155187695526e-06,0.00022030313711667254,1.4532349008893799e-05
고개,0.0,0.0,0.0,0.0,0.0,0.0,0.0,0.0,0.0,0.0,0.0,0.0,0.0,0.0,0.0,0.0,0.0,0.0,0.0,0.0,0.0,0.0,0.0,0.0,0.0,0.0,0.0,0.0,0.0,0.0,0.0,1.4399782505685036e-06,1.6188354745130543e-05,1.7297407003374146e-05,0.0001237133808392716,1.4606251251573154e-06,3.290642728337699e-05,1.248548874071111e-06,2.130336546306912e-06,2.6413193918626233e-05,9.998220316783612e-06,7.060152499293985e-05,1.5372184411487961e-06,3.0128044187798142e-05,1.9462235089787074e-06,0.000250685206230363,6.266475608788105e-06,1.7994479293752677e-05,7.5389310398899915e-06,0.0007376081825334383
무슨,0.0,0.0,0.0,0.0,0.0,0.0,0.0,0.0,0.0,0.0,0.0,0.0,0.0,0.0,0.0,0.0,0.0,0.0,0.0,0.0,0.0,0.0,0.0,0.0,0.0,0.0,0.0,0.0,0.0,0.0,0.0,0.0,2.6407874194295757e-06,2.5777912968610233e-06,1.7442460810279052e-06,0.019815059445178335,2.14429228705212e-06,0.0001755761825055892,3.3868684337088247e-05,1.0247868964188788e-06,3.283305965154055e-06,1.157385728751107e-06,0.0009747855471796204,2.189282121256747e-06,5.393588102463791e-05,1.2766480600885902e-06,7.765542733781664e-07,2.5423358235795207e-06,8.106171828469729e-07,1.3406423965108976e-06
소리,0.0,0.0,0.0,0.0,0.0,0.0,0.0,0.0,0.0,0.0,0.0,0.0,0.0,0.0,0.0,0.0,0.0,0.0,0.0,0.0,0.0,0.0,0.0,0.0,0.0,0.0,0.0,0.0,0.0,0.0,0.0,0.0,0.0,0.014822134387351778,3.933961893022463e-05,2.6973342784792644e-06,0.00017803309041707218,2.1413728655509065e-06,4.837175824569177e-06,5.205443227874524e-06,0.00021041999831664001,7.5015265606550935e-06,2.9117721394653443e-06,0.00022251231234794993,4.187027249731611e-06,1.0365637497071708e-05,2.4922996249255217e-06,0.005940594059405941,2.7759240773661143e-06,1.2331104965653763e-05
아빠,0.0,0.0,0.0,0.0,0.0,0.0,0.0,0.0,0.0,0.0,0.0,0.0,0.0,0.0,0.0,0.0,0.0,0.0,0.0,0.0,0.0,0.0,0.0,0.0,0.0,0.0,0.0,0.0,0.0,0.0,0.0,0.0,0.0,0.0,4.370158228862273e-05,2.6321783451740416e-06,0.00022447025020950556,2.0963891792776123e-06,4.675090556504079e-06,5.397191948972789e-06,0.00016806157776209205,7.839952082212874e-06,2.8382203072013976e-06,0.0002888837531777213,4.0572889195439606e-06,1.0923549716715944e-05,2.551952217927192e-06,0.04398826979472141,2.846901603109272e-06,1.306032039577995e-05
눈,0.0,0.0,0.0,0.0,0.0,0.0,0.0,0.0,0.0,0.0,0.0,0.0,0.0,0.0,0.0,0.0,0.0,0.0,0.0,0.0,0.0,0.0,0.0,0.0,0.0,0.0,0.0,0.0,0.0,0.0,0.0,0.0,0.0,0.0,0.0,1.77287005323456e-06,0.00013933916080668084,1.4825298680350747e-06,2.7413177441294223e-06,1.2453817094939599e-05,1.9268738527071935e-05,2.3021070418384935e-05,1.8797183279679904e-06,0.00011657276083155236,2.467518410154858e-06,4.279075605560516e-05,4.244387292983546e-06,4.6574738482843424e-05,4.921939677363573e-06,6.23612462271446e-05
얘기,0.0,0.0,0.0,0.0,0.0,0.0,0.0,0.0,0.0,0.0,0.0,0.0,0.0,0.0,0.0,0.0,0.0,0.0,0.0,0.0,0.0,0.0,0.0,0.0,0.0,0.0,0.0,0.0,0.0,0.0,0.0,0.0,0.0,0.0,0.0,0.0,2.1846071704924236e-06,0.00014669065873885152,3.6834040546911836e-05,1.035972343958565e-06,3.363411198544854e-06,1.171402892603733e-06,0.0016099602876462381,2.2309918379907273e-06,6.001368311975131e-05,1.29336708331625e-06,7.829470377042239e-07,2.595520339535589e-06,8.176280387111991e-07,1.3588696958106773e-06
표정,0.0,0.0,0.0,0.0,0.0,0.0,0.0,0.0,0.0,0.0,0.0,0.0,0.0,0.0,0.0,0.0,0.0,0.0,0.0,0.0,0.0,0.0,0.0,0.0,0.0,0.0,0.0,0.0,0.0,0.0,0.0,0.0,0.0,0.0,0.0,0.0,0.0,1.7816995227895999e-06,3.6211338059637173e-06,7.461335360163632e-06,4.8415208830934096e-05,1.1730388745083012e-05,2.3362193429616723e-06,0.01595744680851064,3.2010666807798137e-06,1.7818768865621538e-05,3.1354370862006906e-06,0.00026026755504658785,3.5492701399193275e-06,2.2495332218564647e-05
돈,0.0,0.0,0.0,0.0,0.0,0.0,0.0,0.0,0.0,0.0,0.0,0.0,0.0,0.0,0.0,0.0,0.0,0.0,0.0,0.0,0.0,0.0,0.0,0.0,0.0,0.0,0.0,0.0,0.0,0.0,0.0,0.0,0.0,0.0,0.0,0.0,0.0,0.0,1.644680937380418e-05,9.188228861997121e-07,2.5904185598308977e-06,1.0255501285911666e-06,8.663058983880935e-05,1.8147959588607535e-06,2.243034257114531e-05,1.1203755797710214e-06,7.151487285275403e-07,2.0709913752873846e-06,7.433986202521608e-07,1.1708217863473868e-06
난,0.0,0.0,0.0,0.0,0.0,0.0,0.0,0.0,0.0,0.0,0.0,0.0,0.0,0.0,0.0,0.0,0.0,0.0,0.0,0.0,0.0,0.0,0.0,0.0,0.0,0.0,0.0,0.0,0.0,0.0,0.0,0.0,0.0,0.0,0.0,0.0,0.0,0.0,0.0,1.3767130095799952e-06,6.624797943662718e-06,1.6073757544084156e-06,5.103915724143563e-05,3.725595486763953e-06,0.0007778469197261979,1.8228684682521328e-06,9.700114807325488e-07,4.5848719399418455e-06,1.0239100051366152e-06,1.9416354732141033e-06
얼굴,0.0,0.0,0.0,0.0,0.0,0.0,0.0,0.0,0.0,0.0,0.0,0.0,0.0,0.0,0.0,0.0,0.0,0.0,0.0,0.0,0.0,0.0,0.0,0.0,0.0,0.0,0.0,0.0,0.0,0.0,0.0,0.0,0.0,0.0,0.0,0.0,0.0,0.0,0.0,0.0,3.94075107037367e-06,0.0001733242434396774,1.0770739777490877e-06,7.158202966550195e-06,1.2869567873371688e-06,5.7583563347678044e-05,2.2987378396768284e-05,5.513505884013479e-06,3.364918703564122e-05,4.0052121160336655e-05
살,0.0,0.0,0.0,0.0,0.0,0.0,0.0,0.0,0.0,0.0,0.0,0.0,0.0,0.0,0.0,0.0,0.0,0.0,0.0,0.0,0.0,0.0,0.0,0.0,0.0,0.0,0.0,0.0,0.0,0.0,0.0,0.0,0.0,0.0,0.0,0.0,0.0,0.0,0.0,0.0,0.0,5.368929575034908e-06,3.6701647414613614e-06,5.419721281800214e-05,5.587949103469446e-06,7.009630765362891e-06,2.0690471375836343e-06,0.00014910240353074492,2.276979013539828e-06,8.064043558737688e-06
화면,0.0,0.0,0.0,0.0,0.0,0.0,0.0,0.0,0.0,0.0,0.0,0.0,0.0,0.0,0.0,0.0,0.0,0.0,0.0,0.0,0.0,0.0,0.0,0.0,0.0,0.0,0.0,0.0,0.0,0.0,0.0,0.0,0.0,0.0,0.0,0.0,0.0,0.0,0.0,0.0,0.0,0.0,1.2230738258776655e-06,1.1130800260015495e-05,1.490878655299015e-06,0.00031946840457478757,1.2440534246302673e-05,8.047154177572796e-06,1.6309169667553887e-05,0.00014773085408131104
오늘,0.0,0.0,0.0,0.0,0.0,0.0,0.0,0.0,0.0,0.0,0.0,0.0,0.0,0.0,0.0,0.0,0.0,0.0,0.0,0.0,0.0,0.0,0.0,0.0,0.0,0.0,0.0,0.0,0.0,0.0,0.0,0.0,0.0,0.0,0.0,0.0,0.0,0.0,0.0,0.0,0.0,0.0,0.0,2.387973781958253e-06,9.203639732726302e-05,1.3551670622851044e-06,8.062936270363584e-07,2.796889858477373e-06,8.432532237149116e-07,1.4263411065278545e-06
보고,0.0,0.0,0.0,0.0,0.0,0.0,0.0,0.0,0.0,0.0,0.0,0.0,0.0,0.0,0.0,0.0,0.0,0.0,0.0,0.0,0.0,0.0,0.0,0.0,0.0,0.0,0.0,0.0,0.0,0.0,0.0,0.0,0.0,0.0,0.0,0.0,0.0,0.0,0.0,0.0,0.0,0.0,0.0,0.0,3.2869637702088014e-06,1.6698988486604075e-05,3.055676254767619e-06,0.00034198946672442485,3.4524108184745407e-06,2.091221887007099e-05
돼,0.0,0.0,0.0,0.0,0.0,0.0,0.0,0.0,0.0,0.0,0.0,0.0,0.0,0.0,0.0,0.0,0.0,0.0,0.0,0.0,0.0,0.0,0.0,0.0,0.0,0.0,0.0,0.0,0.0,0.0,0.0,0.0,0.0,0.0,0.0,0.0,0.0,0.0,0.0,0.0,0.0,0.0,0.0,0.0,0.0,1.679625913716497e-06,9.221157663476679e-07,3.984861775771297e-06,9.708837780272303e-07,1.7829701036921923e-06
막,0.0,0.0,0.0,0.0,0.0,0.0,0.0,0.0,0.0,0.0,0.0,0.0,0.0,0.0,0.0,0.0,0.0,0.0,0.0,0.0,0.0,0.0,0.0,0.0,0.0,0.0,0.0,0.0,0.0,0.0,0.0,0.0,0.0,0.0,0.0,0.0,0.0,0.0,0.0,0.0,0.0,0.0,0.0,0.0,0.0,0.0,8.74009746956698e-06,1.1268502881731804e-05,1.0919430617209898e-05,0.0014398157035899405
층,0.0,0.0,0.0,0.0,0.0,0.0,0.0,0.0,0.0,0.0,0.0,0.0,0.0,0.0,0.0,0.0,0.0,0.0,0.0,0.0,0.0,0.0,0.0,0.0,0.0,0.0,0.0,0.0,0.0,0.0,0.0,0.0,0.0,0.0,0.0,0.0,0.0,0.0,0.0,0.0,0.0,0.0,0.0,0.0,0.0,0.0,0.0,2.587624290063713e-06,0.0007516159743448414,7.552736986004779e-06
동네,0.0,0.0,0.0,0.0,0.0,0.0,0.0,0.0,0.0,0.0,0.0,0.0,0.0,0.0,0.0,0.0,0.0,0.0,0.0,0.0,0.0,0.0,0.0,0.0,0.0,0.0,0.0,0.0,0.0,0.0,0.0,0.0,0.0,0.0,0.0,0.0,0.0,0.0,0.0,0.0,0.0,0.0,0.0,0.0,0.0,0.0,0.0,0.0,2.8894212701086867e-06,1.3513878753479824e-05
도면,0.0,0.0,0.0,0.0,0.0,0.0,0.0,0.0,0.0,0.0,0.0,0.0,0.0,0.0,0.0,0.0,0.0,0.0,0.0,0.0,0.0,0.0,0.0,0.0,0.0,0.0,0.0,0.0,0.0,0.0,0.0,0.0,0.0,0.0,0.0,0.0,0.0,0.0,0.0,0.0,0.0,0.0,0.0,0.0,0.0,0.0,0.0,0.0,0.0,9.27338113040043e-06
된,0.0,0.0,0.0,0.0,0.0,0.0,0.0,0.0,0.0,0.0,0.0,0.0,0.0,0.0,0.0,0.0,0.0,0.0,0.0,0.0,0.0,0.0,0.0,0.0,0.0,0.0,0.0,0.0,0.0,0.0,0.0,0.0,0.0,0.0,0.0,0.0,0.0,0.0,0.0,0.0,0.0,0.0,0.0,0.0,0.0,0.0,0.0,0.0,0.0,0.0
